categoria,nome_oficial,aliases,site,logo_abtec,fonte_validacao,data_validacao,observacoes
Entidade,ABtec Mobilidade,"ABtec; ABTEC Mobilidade; Associação Brasileira de Tecnologia para a Mobilidade",https://abtecbr.org/,https://abtecbr.org/assets/images/abtec-logo.png,https://abtecbr.org/,2026-09-17,"Associação Brasileira de Tecnologia para a Mobilidade; CNPJ 66.394.481/0001-75"
Associada,Bus2,"Bus2; Aequante; Aequante (Bus2)",https://bus2.me/,https://abtecbr.org/assets/images/members/bus2.png,https://abtecbr.org/associadas,2026-09-17,"Associada oficial listada em /associadas"
Associada,Cittati,"Cittati; CittaMobi; Cittati Tecnologia",https://www.cittati.com.br/,https://abtecbr.org/assets/images/members/cittati.svg,https://abtecbr.org/associadas,2026-09-17,"Associada oficial listada em /associadas"
Associada,Empresa 1,"Empresa 1; Empresa1; Empresa 1 Tecnologia",https://www.empresa1.com.br/,https://abtecbr.org/assets/images/members/empresa1.svg,https://abtecbr.org/associadas,2026-09-17,"Associada oficial listada em /associadas; nome exige cuidado em buscas por ser genérico"
Associada,ONBOARD,"ONBOARD; Onboard; Onboard Mobility",https://onboardmobility.com/,https://abtecbr.org/assets/images/members/onboard.png,https://abtecbr.org/associadas,2026-09-17,"Associada oficial listada em /associadas"
Associada,Planeta Informática,"Planeta Informática; Planeta",https://www.planeta.inf.br/br/,https://abtecbr.org/assets/images/members/planeta.png,https://abtecbr.org/associadas,2026-09-17,"Associada oficial listada em /associadas; nome exige cuidado em buscas por ser genérico"
Associada,Prodata Mobility Brasil,"Prodata; Prodata Mobility; Prodata Mobility Brasil",https://www.prodatamobility.com.br/,https://abtecbr.org/assets/images/members/prodata.png,https://abtecbr.org/associadas,2026-09-17,"Associada oficial listada em /associadas"
Associada,SONDA,"SONDA; Sonda; SONDA Brasil",https://www.sonda.com/pt/inicio,https://abtecbr.org/assets/images/members/sonda.svg,https://abtecbr.org/associadas,2026-09-17,"Associada oficial listada em /associadas; separar Brasil/LATAM quando necessário"
Associada,Transdata,"Transdata; ITS Transdata; Transdata Smart",https://www.itstransdata.com/,https://abtecbr.org/assets/images/members/transdata.png,https://abtecbr.org/associadas,2026-09-17,"Associada oficial listada em /associadas"
